{
    "cam_1": {
        "translation": [
            0.0,
            -1.94,
            1.72
        ],
        "rotation": [
            -1.5707963267948966,
            0.0,
            0.0
        ],
        "camera_matrix": [
            [
                671.2232303786872,
                0.0,
                255.0
            ],
            [
                0.0,
                671.2232303786872,
                82.0
            ],
            [
                0.0,
                0.0,
                1.0
            ]
        ]
    },
    "cam_2": {
        "translation": [
            0.0,
            0.0,
            0.0
        ],
        "rotation": [
            0.0,
            0.0,
            0.0
        ],
        "camera_matrix": [
            [
                694.4478472138854,
                0.0,
                255.0
            ],
            [
                0.0,
                694.4478472138854,
                109.0
            ],
            [
                0.0,
                0.0,
                1.0
            ]
        ]
    },
    "cam_3": {
        "translation": [
            1.86,
            0.0,
            1.72
        ],
        "rotation": [
            0.0,
            -1.5707963267948966,
            0.0
        ],
        "camera_matrix": [
            [
                363.9475408626908,
                0.0,
                96.0
            ],
            [
                0.0,
                363.9475408626908,
                109.0
            ],
            [
                0.0,
                0.0,
                1.0
            ]
        ]
    }
}