{
    "cam_1": {
        "translation": [
            0.0,
            0.0,
            0.0
        ],
        "rotation": [
            0.0,
            0.0,
            0.0
        ],
        "camera_matrix": [
            [
                1032.5668061623996,
                0.0,
                320.0
            ],
            [
                0.0,
                1032.5668061623996,
                256.0
            ],
            [
                0.0,
                0.0,
                1.0
            ]
        ]
    },
    "cam_2": {
        "translation": [
            -1.5664,
            0.0,
            2.4738
        ],
        "rotation": [
            0.0,
            2.0127,
            0.0
        ],
        "camera_matrix": [
            [
                2065.1336123247993,
                0.0,
                640.0
            ],
            [
                0.0,
                2065.1336123247993,
                512.0
            ],
            [
                0.0,
                0.0,
                1.0
            ]
        ]
    }
}